{"cameraMode":{"drawMode":0,"name":"Shaded","section":"Shading Mode"},"sceneLighting":false,"audioPlay":false,"sceneViewState":{"showFog":true,"showMaterialUpdate":false,"showSkybox":false,"showFlares":true,"showImageEffects":true,"showParticleSystems":true},"in2DMode":false,"pivot":{"x":1.8828299045562745,"y":0.03757357597351074,"z":-2.2317025661468508},"rotation":{"x":0.21341285109519959,"y":0.6271922588348389,"z":-0.18436391651630402,"w":0.72601318359375},"size":3.4590210914611818,"orthographic":false}