{"cameraMode":{"drawMode":0,"name":"Shaded","section":"Shading Mode"},"sceneLighting":false,"audioPlay":false,"sceneViewState":{"showFog":true,"showMaterialUpdate":false,"showSkybox":false,"showFlares":true,"showImageEffects":true,"showParticleSystems":true},"in2DMode":false,"pivot":{"x":1.1729187965393067,"y":0.14473819732666017,"z":0.5880279541015625},"rotation":{"x":0.34803837537765505,"y":0.2817714512348175,"z":-0.11052475869655609,"w":0.8872804045677185},"size":4.964102268218994,"orthographic":false}