{"cameraMode":{"drawMode":0,"name":"Shaded","section":"Shading Mode"},"sceneLighting":false,"audioPlay":false,"sceneViewState":{"showFog":true,"showMaterialUpdate":false,"showSkybox":false,"showFlares":true,"showImageEffects":true,"showParticleSystems":true},"in2DMode":false,"pivot":{"x":2.1232826709747316,"y":8.131627082824707,"z":0.31970643997192385},"rotation":{"x":-0.02488815039396286,"y":0.8346789479255676,"z":-0.037843722850084308,"w":-0.5488854646682739},"size":6.082249164581299,"orthographic":false}