{"cameraMode":{"drawMode":0,"name":"Shaded","section":"Shading Mode"},"sceneLighting":false,"audioPlay":false,"sceneViewState":{"showFog":true,"showMaterialUpdate":false,"showSkybox":false,"showFlares":true,"showImageEffects":true,"showParticleSystems":true},"in2DMode":false,"pivot":{"x":0.4255990982055664,"y":0.9621726274490356,"z":0.7054670453071594},"rotation":{"x":-0.08350998163223267,"y":-0.2866804897785187,"z":0.02509414032101631,"w":-0.9540554881095886},"size":1.019883155822754,"orthographic":false}