{"cameraMode":{"drawMode":0,"name":"Shaded","section":"Shading Mode"},"sceneLighting":false,"audioPlay":false,"sceneViewState":{"showFog":true,"showMaterialUpdate":false,"showSkybox":false,"showFlares":true,"showImageEffects":true,"showParticleSystems":true},"in2DMode":false,"pivot":{"x":1.7260702848434449,"y":-0.9828232526779175,"z":-2.45389986038208},"rotation":{"x":0.05942932888865471,"y":0.9330925345420837,"z":-0.18226392567157746,"w":0.30436062812805178},"size":1.9115827083587647,"orthographic":false}