{"cameraMode":{"drawMode":0,"name":"Shaded","section":"Shading Mode"},"sceneLighting":true,"audioPlay":false,"sceneViewState":{"showFog":true,"showMaterialUpdate":false,"showSkybox":true,"showFlares":true,"showImageEffects":true,"showParticleSystems":true},"in2DMode":false,"pivot":{"x":-0.6459833979606628,"y":2.393056631088257,"z":-0.6716620922088623},"rotation":{"x":0.4527219831943512,"y":-0.003740769112482667,"z":0.001890570274554193,"w":0.8916606903076172},"size":3.1638758182525636,"orthographic":false}