{"cameraMode":{"drawMode":0,"name":"Shaded","section":"Shading Mode"},"sceneLighting":false,"audioPlay":false,"sceneViewState":{"showFog":true,"showMaterialUpdate":false,"showSkybox":false,"showFlares":true,"showImageEffects":true,"showParticleSystems":true},"in2DMode":false,"pivot":{"x":-0.1453443467617035,"y":-0.2726464867591858,"z":-0.14989982545375825},"rotation":{"x":0.34935835003852847,"y":-0.5395748615264893,"z":0.2618526816368103,"w":0.7199010848999023},"size":0.7110051512718201,"orthographic":false}