{"cameraMode":{"drawMode":0,"name":"Shaded","section":"Shading Mode"},"sceneLighting":false,"audioPlay":false,"sceneViewState":{"showFog":true,"showMaterialUpdate":false,"showSkybox":false,"showFlares":true,"showImageEffects":true,"showParticleSystems":true},"in2DMode":false,"pivot":{"x":-1.6257354021072388,"y":-1.660556674003601,"z":-0.6310076117515564},"rotation":{"x":0.23074433207511903,"y":-0.7389633059501648,"z":0.3084234893321991,"w":0.5528264045715332},"size":1.7644405364990235,"orthographic":false}