{"cameraMode":{"drawMode":0,"name":"Shaded","section":"Shading Mode"},"sceneLighting":false,"audioPlay":false,"sceneViewState":{"showFog":true,"showMaterialUpdate":false,"showSkybox":false,"showFlares":true,"showImageEffects":true,"showParticleSystems":true},"in2DMode":false,"pivot":{"x":5.362027645111084,"y":12.769062042236329,"z":-8.770750045776368},"rotation":{"x":0.15920262038707734,"y":-0.39748984575271609,"z":0.07023772597312927,"w":0.9009579420089722},"size":6.466956615447998,"orthographic":false}