{"cameraMode":{"drawMode":0,"name":"Shaded","section":"Shading Mode"},"sceneLighting":false,"audioPlay":false,"sceneViewState":{"showFog":true,"showMaterialUpdate":false,"showSkybox":false,"showFlares":true,"showImageEffects":true,"showParticleSystems":true},"in2DMode":false,"pivot":{"x":1.9440504312515259,"y":0.7024396061897278,"z":4.264285087585449},"rotation":{"x":0.1262829452753067,"y":-0.0654219388961792,"z":0.008346019312739373,"w":0.9898017644882202},"size":1.4660253524780274,"orthographic":false}